Datetime,Water Level (m)
2025-04-18 00:00:00,0.26049975
2025-04-18 01:00:00,0.1586564
2025-04-18 02:00:00,0.033388842
2025-04-18 03:00:00,-0.07715818
2025-04-18 04:00:00,-0.20790672
2025-04-18 05:00:00,-0.32730198
2025-04-18 06:00:00,-0.42154488
2025-04-18 07:00:00,-0.41827443
2025-04-18 08:00:00,-0.2805102
2025-04-18 09:00:00,-0.045995843
2025-04-18 10:00:00,0.15169494
2025-04-18 11:00:00,0.31445155
2025-04-18 12:00:00,0.4058633
2025-04-18 13:00:00,0.3831037
2025-04-18 14:00:00,0.29713404
2025-04-18 15:00:00,0.1956557
2025-04-18 16:00:00,0.08278869
2025-04-18 17:00:00,-0.029469287
2025-04-18 18:00:00,-0.13917847
2025-04-18 19:00:00,-0.19677225
2025-04-18 20:00:00,-0.14845571
2025-04-18 21:00:00,-0.03538881
2025-04-18 22:00:00,0.07875634
2025-04-18 23:00:00,0.13574491
2025-04-19 00:00:00,0.15180416
2025-04-19 01:00:00,0.09191977
2025-04-19 02:00:00,-0.0021590071
2025-04-19 03:00:00,-0.089393266
2025-04-19 04:00:00,-0.188154
2025-04-19 05:00:00,-0.28721127
2025-04-19 06:00:00,-0.37660724
2025-04-19 07:00:00,-0.41567713
2025-04-19 08:00:00,-0.32561946
2025-04-19 09:00:00,-0.13815223
2025-04-19 10:00:00,0.057431262
2025-04-19 11:00:00,0.20643897
2025-04-19 12:00:00,0.32863042
2025-04-19 13:00:00,0.37395555
2025-04-19 14:00:00,0.3295442
2025-04-19 15:00:00,0.25663182
2025-04-19 16:00:00,0.16673385
2025-04-19 17:00:00,0.07006916
2025-04-19 18:00:00,-0.02696471
2025-04-19 19:00:00,-0.11437521
2025-04-19 20:00:00,-0.14995225
2025-04-19 21:00:00,-0.1002474
2025-04-19 22:00:00,-0.009631401
2025-04-19 23:00:00,0.06692787
2025-04-20 00:00:00,0.10389041
2025-04-20 01:00:00,0.101207726
2025-04-20 02:00:00,0.043384958
2025-04-20 03:00:00,-0.03802891
2025-04-20 04:00:00,-0.1149218
2025-04-20 05:00:00,-0.19605204
2025-04-20 06:00:00,-0.27156398
2025-04-20 07:00:00,-0.32290483
2025-04-20 08:00:00,-0.29490665
2025-04-20 09:00:00,-0.17737655
2025-04-20 10:00:00,-0.013795127
2025-04-20 11:00:00,0.11731568
2025-04-20 12:00:00,0.23490137
2025-04-20 13:00:00,0.31911296
2025-04-20 14:00:00,0.35385093
2025-04-20 15:00:00,0.33435777
2025-04-20 16:00:00,0.28526402
2025-04-20 17:00:00,0.20685288
2025-04-20 18:00:00,0.11943874
2025-04-20 19:00:00,0.028989837
2025-04-20 20:00:00,-0.05182437
2025-04-20 21:00:00,-0.099588744
2025-04-20 22:00:00,-0.08462953
2025-04-20 23:00:00,-0.032211997
2025-04-21 00:00:00,0.011344286
2025-04-21 01:00:00,0.02825624
2025-04-21 02:00:00,0.021524364
2025-04-21 03:00:00,-0.02011763
2025-04-21 04:00:00,-0.078560784
2025-04-21 05:00:00,-0.13214862
2025-04-21 06:00:00,-0.18680021
2025-04-21 07:00:00,-0.24281614
2025-04-21 08:00:00,-0.28245136
2025-04-21 09:00:00,-0.26894486
2025-04-21 10:00:00,-0.17603794
2025-04-21 11:00:00,-0.03330982
2025-04-21 12:00:00,0.10059872
2025-04-21 13:00:00,0.21694973
2025-04-21 14:00:00,0.3090817
2025-04-21 15:00:00,0.36043477
2025-04-21 16:00:00,0.35262245
2025-04-21 17:00:00,0.3041979
2025-04-21 18:00:00,0.23603888
2025-04-21 19:00:00,0.15702233
2025-04-21 20:00:00,0.07162477
2025-04-21 21:00:00,-0.010478698
2025-04-21 22:00:00,-0.07718015
2025-04-21 23:00:00,-0.099738285
2025-04-22 00:00:00,-0.06800594
2025-04-22 01:00:00,-0.0132841775
2025-04-22 02:00:00,0.033692546
2025-04-22 03:00:00,0.06915467
2025-04-22 04:00:00,0.08008992
2025-04-22 05:00:00,0.059581764
2025-04-22 06:00:00,0.018798405
2025-04-22 07:00:00,-0.028817428
2025-04-22 08:00:00,-0.09435273
2025-04-22 09:00:00,-0.15561827
2025-04-22 10:00:00,-0.1944904
2025-04-22 11:00:00,-0.16659617
2025-04-22 12:00:00,-0.062307768
2025-04-22 13:00:00,0.08163705
2025-04-22 14:00:00,0.2099664
2025-04-22 15:00:00,0.3276007
2025-04-22 16:00:00,0.40830696
2025-04-22 17:00:00,0.4332122
2025-04-22 18:00:00,0.39930776
2025-04-22 19:00:00,0.3387679
2025-04-22 20:00:00,0.2531987
2025-04-22 21:00:00,0.15873371
2025-04-22 22:00:00,0.053394355
2025-04-22 23:00:00,-0.041534316
2025-04-23 00:00:00,-0.09461555
2025-04-23 01:00:00,-0.060312457
2025-04-23 02:00:00,0.04100085
2025-04-23 03:00:00,0.16425267
2025-04-23 04:00:00,0.2590501
2025-04-23 05:00:00,0.32941815
2025-04-23 06:00:00,0.35194615
2025-04-23 07:00:00,0.3037538
2025-04-23 08:00:00,0.23105586
2025-04-23 09:00:00,0.14255054
2025-04-23 10:00:00,0.047987267
2025-04-23 11:00:00,-0.041712034
2025-04-23 12:00:00,-0.090397276
2025-04-23 13:00:00,-0.022876797
2025-04-23 14:00:00,0.13082206
2025-04-23 15:00:00,0.3110864
2025-04-23 16:00:00,0.45452553
2025-04-23 17:00:00,0.5698898
2025-04-23 18:00:00,0.6331076
2025-04-23 19:00:00,0.6112329
2025-04-23 20:00:00,0.53567076
2025-04-23 21:00:00,0.4297847
2025-04-23 22:00:00,0.30890098
2025-04-23 23:00:00,0.17720422
2025-04-24 00:00:00,0.03979745
